{"stats":{"minecraft:custom":{"minecraft:jump":328,"minecraft:time_since_rest":421,"minecraft:damage_taken":2852,"minecraft:waystone_activated":5,"minecraft:leave_game":12,"minecraft:crouch_one_cm":7907,"minecraft:play_time":33346,"minecraft:time_since_death":397,"minecraft:sprint_one_cm":27555,"minecraft:walk_one_cm":36757,"minecraft:deaths":6,"minecraft:sneak_time":4068,"minecraft:total_world_time":33346,"minecraft:climb_one_cm":387,"minecraft:fall_one_cm":12916,"minecraft:drop":1,"minecraft:fly_one_cm":327447,"minecraft:player_kills":8},"minecraft:dropped":{"tacz:modern_kinetic_gun":1},"minecraft:used":{"minecraft:smooth_quartz_stairs":1,"tacz:target":3},"minecraft:killed_by":{"minecraft:player":5},"minecraft:picked_up":{"tacz:modern_kinetic_gun":1}},"DataVersion":3465}