{"stats":{"minecraft:custom":{"minecraft:jump":117,"minecraft:time_since_rest":84,"minecraft:damage_taken":3369,"minecraft:waystone_activated":5,"minecraft:crouch_one_cm":1,"minecraft:leave_game":2,"minecraft:play_time":18481,"minecraft:sprint_one_cm":12267,"minecraft:time_since_death":62,"minecraft:walk_one_cm":21137,"minecraft:deaths":7,"minecraft:sneak_time":186,"minecraft:total_world_time":18481,"minecraft:fall_one_cm":1176,"minecraft:fly_one_cm":127629,"minecraft:player_kills":3},"minecraft:used":{"tacz:target":1},"minecraft:killed_by":{"minecraft:player":7},"minecraft:picked_up":{"tacz:modern_kinetic_gun":1}},"DataVersion":3465}