{"stats":{"minecraft:custom":{"minecraft:time_since_rest":65292,"minecraft:waystone_activated":5,"minecraft:sprint_one_cm":326858,"minecraft:damage_taken":3620,"minecraft:walk_one_cm":335217,"minecraft:mob_kills":14,"minecraft:drop":3,"minecraft:damage_dealt":30,"minecraft:interact_with_beacon":1,"minecraft:fly_one_cm":3034972,"minecraft:player_kills":6,"minecraft:crouch_one_cm":14790,"minecraft:play_time":186624,"minecraft:deaths":8,"minecraft:sneak_time":10149,"minecraft:jump":1314,"minecraft:leave_game":12,"minecraft:time_since_death":65269,"minecraft:climb_one_cm":6128,"minecraft:total_world_time":190031,"minecraft:fall_one_cm":15459},"minecraft:used":{"minecraft:golden_boots":2,"minecraft:andesite_wall":7,"minecraft:glass":10,"waystones:waystone":5,"minecraft:black_concrete":251,"minecraft:iron_bars":1,"minecraft:quartz_slab":3,"minecraft:lantern":67,"minecraft:spruce_slab":4,"minecraft:oak_sign":2,"minecraft:barrier":319,"minecraft:ladder":74,"tacz:gun_smith_table":18,"minecraft:sandstone":31,"minecraft:stone":2,"tacz:statue":1,"minecraft:diorite_wall":3,"minecraft:torch":1,"minecraft:smooth_quartz_stairs":1,"minecraft:iron_trapdoor":1,"minecraft:andesite":28,"minecraft:glass_pane":9,"tacz:target":5,"minecraft:brown_concrete_powder":1},"minecraft:mined":{"itemplacer:laying_item":5},"minecraft:dropped":{"tacz:ammo":2,"tacz:modern_kinetic_gun":1},"minecraft:picked_up":{"minecraft:leather_chestplate":3,"minecraft:ladder":16,"minecraft:leather_leggings":1,"minecraft:oak_stairs":5,"tacz:attachment":8,"minecraft:golden_boots":5,"minecraft:leather_helmet":4,"tacz:ammo":928,"minecraft:leather_boots":1,"minecraft:rotten_flesh":5,"minecraft:beetroot_seeds":8,"tacz:modern_kinetic_gun":20,"minecraft:chainmail_leggings":3,"minecraft:iron_ingot":4,"minecraft:chainmail_helmet":2,"minecraft:oak_planks":66},"minecraft:killed_by":{"minecraft:player":5},"minecraft:killed":{"minecraft:cat":2,"minecraft:pig":2,"minecraft:iron_golem":1,"minecraft:villager":7,"minecraft:zoglin":2}},"DataVersion":3465}