{"stats":{"minecraft:custom":{"minecraft:time_since_rest":27742,"minecraft:waystone_activated":5,"minecraft:sprint_one_cm":276511,"minecraft:damage_taken":3525,"minecraft:walk_one_cm":299702,"minecraft:mob_kills":12,"minecraft:drop":3,"minecraft:damage_dealt":30,"minecraft:interact_with_beacon":1,"minecraft:fly_one_cm":2334775,"minecraft:player_kills":6,"minecraft:deaths":8,"minecraft:crouch_one_cm":11739,"minecraft:play_time":149074,"minecraft:sneak_time":8342,"minecraft:jump":1172,"minecraft:leave_game":7,"minecraft:time_since_death":27719,"minecraft:climb_one_cm":6064,"minecraft:total_world_time":152481,"minecraft:fall_one_cm":14965},"minecraft:used":{"minecraft:andesite_wall":7,"waystones:waystone":5,"minecraft:black_concrete":251,"minecraft:iron_bars":1,"minecraft:quartz_slab":3,"minecraft:lantern":62,"minecraft:spruce_slab":4,"minecraft:barrier":298,"minecraft:ladder":73,"tacz:gun_smith_table":18,"minecraft:sandstone":31,"minecraft:stone":2,"tacz:statue":1,"minecraft:diorite_wall":3,"minecraft:torch":1,"minecraft:smooth_quartz_stairs":1,"minecraft:iron_trapdoor":1,"minecraft:andesite":28,"minecraft:glass_pane":9,"tacz:target":5,"minecraft:brown_concrete_powder":1},"minecraft:mined":{"itemplacer:laying_item":2},"minecraft:dropped":{"tacz:modern_kinetic_gun":1,"tacz:ammo":2},"minecraft:picked_up":{"minecraft:leather_chestplate":1,"minecraft:ladder":16,"minecraft:leather_leggings":1,"minecraft:oak_stairs":5,"tacz:attachment":8,"minecraft:leather_helmet":1,"tacz:ammo":898,"minecraft:leather_boots":1,"minecraft:beetroot_seeds":8,"tacz:modern_kinetic_gun":18,"minecraft:iron_ingot":4,"minecraft:oak_planks":66},"minecraft:killed_by":{"minecraft:player":5},"minecraft:killed":{"minecraft:cat":2,"minecraft:pig":2,"minecraft:iron_golem":1,"minecraft:villager":7}},"DataVersion":3465}